ID_PATRIMONIO,NOME,ID_INSTALACAO_LOCAL,PRECO_AQUISICAO,DATA_AQUISICAO
EQ550779,Colchonete de Exercício,18,2449.84,2015-10-28
EQ993123,Bola de Tênis,11,2042.37,2015-09-29
EQ641314,Barras Olímpicas,6,3365.36,2020-10-17
EQ110440,Barra de Apoio,4,3850.0,2023-10-28
EQ941094,Palmar de Natação,11,4684.39,2016-08-07
EQ454352,Bola de Basquete de Rua,15,489.98,2021-06-10
EQ941161,Colchonete de Pilates,20,4256.21,2015-10-13
EQ451848,Raquete de Ping-Pong,10,3911.74,2018-08-07
EQ785987,Bola de Handebol,7,3598.59,2023-05-27
EQ282910,Halter de 10kg,8,913.12,2020-03-30
EQ629986,Prancha de Surfe,19,292.95,2020-12-16
EQ750686,Prancha de Stand-Up Paddle,3,2418.95,2021-11-15
EQ236693,Almofada de Descanso,18,3132.43,2020-07-04
EQ259212,Slamball,19,1459.62,2017-06-16
EQ564639,Goalball,4,2946.9,2016-09-28
EQ688579,Palmar de Natação,3,4923.54,2015-11-22
EQ906149,Bola de Skate,9,476.1,2020-07-04
EQ659168,Anilha de 10kg,13,934.36,2020-12-19
EQ594884,Anilha de 5kg,5,1437.8,2022-02-15
EQ512737,Bola de Pilates,11,3599.36,2022-07-06
EQ465572,Protetores de Tornozelo,18,4397.01,2021-05-11
EQ557250,Goalball,4,4914.64,2015-11-15
EQ426894,Medicine Ball,19,1923.66,2015-07-07
EQ283598,Caixa Pliométrica,19,3450.26,2019-07-18
EQ517110,Máscara de Mergulho,2,2244.51,2018-03-04
EQ270926,Peso de Mão para Yoga,6,1983.28,2019-12-25
EQ294615,Halter de 5kg,14,768.38,2021-11-18
EQ357571,Bola de Pilates,19,4543.34,2015-12-30
EQ378015,Leg Press,12,3777.57,2023-04-03
EQ347382,Slamball,7,1233.81,2018-08-04
EQ174989,Almofada de Meditação,19,3818.68,2018-09-17
EQ851692,Prancha de Surfe,10,4053.72,2017-07-14
EQ274326,Colchonete de Pilates,20,767.33,2015-03-11
EQ792655,Almofada de Descanso,8,3374.03,2023-06-13
EQ339220,Bola de Handebol,14,2351.04,2021-11-30
EQ985751,Mini Quadra de Futsal,12,1241.18,2022-12-04
EQ526662,Anilha de 10kg,19,113.12,2022-06-17
EQ225687,Barra de Apoio,17,1940.98,2018-11-15
EQ840933,Cesta de Basquete,4,1500.7,2021-12-11
EQ332227,Máquina de Abdominal,17,2075.34,2015-07-07
EQ935821,Bolha para Hidroginástica,4,4959.99,2016-05-29
EQ229727,Arco e Flecha,4,4654.85,2015-02-26
EQ269421,Ball Slam,18,2073.37,2017-12-10
EQ669861,Banco de Musculação,7,1219.12,2023-04-14
EQ187631,Faixa de Resistência,6,1416.97,2019-03-23
EQ256555,Faixa de Resistência,15,3146.69,2018-12-20
EQ788268,Colchonete de Exercício,5,3099.01,2019-09-09
EQ483199,Trave de Futebol,19,984.04,2018-08-08
EQ323190,Slamball,9,3746.1,2022-06-23
EQ410909,Bola de Skate,3,1468.12,2023-07-20
EQ975280,Mini Quadra de Futsal,2,3563.79,2018-09-20
EQ528600,Ball Slam,10,2972.69,2023-04-06
EQ236234,Boia de Natação,5,3276.88,2016-03-06
EQ607354,Barras Olímpicas,17,4310.38,2017-07-10
EQ468105,Faixa de Resistência,16,1374.62,2023-12-26
EQ773044,Colchonete de Exercício,9,1358.24,2019-04-02
EQ621415,Peso de Mão para Yoga,2,1839.93,2018-04-08
EQ509622,Barra de Apoio,11,648.2,2021-09-26
EQ901865,Barras Olímpicas,18,4083.36,2022-10-02
EQ428883,Cordas de Batalha,15,4475.33,2021-03-09
EQ975191,Halter de 10kg,16,4933.76,2020-02-19
EQ559936,Cordas de Escada,19,3451.02,2018-05-04
EQ975623,Cordas de Batalha,18,2001.48,2023-07-22
EQ760969,Cesta de Basquete,5,556.22,2017-01-15
EQ919207,Cordas de Escada,5,1611.89,2023-01-19
EQ864913,Medicine Ball,20,3748.74,2020-01-12
EQ777175,Trave de Futebol,7,1983.3,2022-03-20
EQ264845,Caixa Pliométrica,7,180.18,2021-05-16
EQ566065,Almofada de Meditação,15,3175.82,2022-04-28
EQ104928,Colchonete de Pilates,5,4825.46,2019-02-08
EQ340635,Rolo de Alta Performance,7,4170.86,2017-01-04
EQ513821,Rede de Vôlei,4,4814.68,2022-01-16
EQ466554,Prancha de Surfe,4,4370.99,2015-12-02
EQ428189,Halter de 10kg,15,3656.41,2019-10-24
EQ457068,Arco e Flecha,16,1214.75,2022-11-08
EQ517407,Cesta de Basquete,7,551.12,2017-01-23
EQ892824,Prancha de Surfe,8,4917.88,2019-11-05
EQ967701,Bola de Vôlei,15,3622.99,2015-07-16
EQ265775,Raquete de Badminton,1,658.16,2022-06-16
EQ609865,Bola de Vôlei,16,439.3,2019-12-25
EQ984412,Cone de Agilidade,4,919.68,2023-06-03
EQ957725,Corda de Pular,13,2489.29,2016-09-05
EQ166256,Cesta de Basquete,17,1047.26,2023-08-05
EQ731449,Bola de Golfe,14,3279.86,2021-05-03
EQ378119,Slamball,9,1327.29,2018-10-30
EQ531436,Raquete de Ping-Pong,1,1359.03,2020-10-14
EQ489389,Slamball,9,536.69,2021-04-14
EQ654921,Ball Slam,12,4470.11,2021-11-17
EQ926986,Caixa Pliométrica,2,1143.32,2020-07-19
EQ161502,Corda de Pular,4,2921.82,2015-03-05
EQ975163,Bola de Rugby,13,2646.5,2023-07-07
EQ471763,Boia de Natação,19,327.52,2022-07-15
EQ872924,Rack para Agachamento,20,1523.74,2015-12-06
EQ487378,Taco de Beisebol,16,3230.42,2020-10-20
EQ173418,Taco de Beisebol,1,2797.81,2017-08-12
EQ586023,Cesta de Basquete,14,4777.63,2020-05-26
EQ366074,Rolo de Alta Performance,17,4444.24,2019-03-22
EQ974102,Cone de Agilidade,1,1687.64,2019-02-06
EQ759157,Rede de Vôlei,16,4007.44,2019-01-25
EQ933826,Raquete de Badminton,6,4523.29,2015-04-20
EQ836781,Bola de Skate,5,2670.75,2015-07-11
EQ819890,Raquete de Ping-Pong,9,2746.15,2023-05-26
EQ999437,Leg Press,3,260.6,2015-01-22
EQ947857,Cone de Agilidade,10,3649.18,2017-11-26
EQ518057,Bicicleta Ergométrica,19,4035.55,2016-02-12
EQ334450,Mini Quadra de Futsal,1,2792.68,2015-02-11
EQ805336,Banco de Musculação,2,3875.12,2016-01-20
EQ933801,Anilha de 10kg,7,1650.89,2019-08-30
EQ542496,Rolo de Alta Performance,4,1877.44,2022-06-29
EQ232733,Almofada de Descanso,12,2165.45,2019-09-04
EQ358660,Kettlebell,7,3385.7,2018-05-17
EQ327736,Taco de Beisebol,5,3583.3,2020-07-01
EQ715711,Máscara de Mergulho,1,496.86,2019-08-23
EQ978214,Cordas de Escada,20,1799.01,2017-12-20
EQ835034,Bicicleta Ergométrica,3,3647.31,2023-11-21
EQ344400,Bolsa de Areia,17,4984.49,2021-10-14
EQ476984,Bola de Futebol,16,939.27,2016-05-31
EQ809301,Bola de Basquete,8,4753.12,2021-01-26
EQ368625,Trave de Futebol,19,2020.47,2022-03-25
EQ386714,Barras Olímpicas,1,1113.15,2023-12-28
EQ709631,Barras Olímpicas,19,4363.22,2017-12-07
EQ920421,Bola de Pilates,15,2019.48,2020-01-24
EQ506814,Raquete de Ping-Pong,6,3433.83,2023-09-25
EQ631344,Raquete de Tênis,2,1804.15,2016-12-08
EQ135648,Corda de Pular,17,3076.44,2015-03-23
EQ397747,Ball Slam,16,2389.83,2019-02-04
EQ158437,Goalball,3,4206.94,2018-09-06
EQ456954,Anilha de 10kg,11,3133.22,2019-09-15
EQ267497,Colchonete de Exercício,19,4175.78,2017-05-02
EQ805432,Skateboard,6,4141.98,2015-11-03
EQ567616,Raquete de Ping-Pong,9,489.56,2022-08-06
EQ646117,Bola de Basquete de Rua,2,554.9,2019-11-20
EQ292181,Anilha de 10kg,17,2406.46,2016-09-13
EQ540389,Peso para Tornozelo,18,594.89,2020-10-08
EQ822479,Cordas de Escada,5,624.1,2021-02-22
EQ615305,Máquina de Abdominal,12,1506.19,2018-03-04
EQ872313,Máscara de Mergulho,9,1764.98,2021-07-07
EQ238951,Goalball,8,1852.12,2022-12-29
EQ732682,Almofada de Descanso,20,3210.19,2015-05-23
EQ281929,Kettlebell,3,2214.15,2023-06-25
EQ627741,Raquete de Ping-Pong,10,4012.14,2021-04-02
EQ788298,Cesta de Basquete,5,4740.89,2016-11-07
EQ401845,Almofada de Descanso,11,802.01,2023-03-22
EQ176143,Bicicleta Ergométrica,3,4704.5,2015-08-31
EQ704796,Prancha de Surfe,19,2640.15,2015-09-01
EQ171269,Máquina de Abdominal,3,4874.02,2019-03-24
EQ969537,Taco de Beisebol,3,320.89,2015-03-26
EQ788811,Bola de Vôlei,18,3773.57,2017-10-07
EQ955209,Almofada de Meditação,10,1794.76,2016-01-19
EQ736557,Bola de Pilates,9,4763.37,2019-05-03
EQ821612,Corda de Pular,6,3774.44,2016-08-14
EQ295343,Goalball,17,4436.47,2019-10-18
EQ234247,Cinto de Flutuação,2,933.17,2017-10-17
EQ560667,Bolha para Hidroginástica,2,651.29,2021-06-28
EQ977554,Leg Press,10,3045.77,2016-04-18
EQ357845,Rolo de Alta Performance,2,3482.06,2016-09-20
EQ922156,Elíptico,12,3421.08,2018-10-21
EQ560886,Bola de Basquete de Rua,1,3425.7,2023-12-10
EQ152161,Raquete de Tênis,12,1887.5,2019-05-15
EQ410013,Bola de Pilates,18,2512.77,2017-08-09
EQ350606,Barra de Apoio,20,4134.7,2023-08-10
EQ349518,Cinto de Flutuação,5,3476.11,2015-03-29
EQ787440,Ball Slam,2,4353.61,2021-01-20
EQ846209,Colchonete de Pilates,19,1189.96,2016-01-11
EQ676392,Rolo de Alta Performance,12,1523.04,2017-12-16
EQ565153,Leg Press,12,803.82,2017-04-13
EQ967218,Arco e Flecha,4,1238.66,2019-06-02
EQ473413,Banco de Musculação,7,3961.33,2020-07-17
EQ526429,Colchonete de Exercício,12,2616.59,2018-12-26
EQ167954,Peso de Mão para Yoga,15,1959.78,2023-08-04
EQ936037,Bola de Pilates,1,2625.88,2020-07-28
EQ899767,Bola de Futebol,2,3744.85,2023-06-27
EQ197754,Prancha de Stand-Up Paddle,14,2214.55,2016-07-23
EQ752092,Rolo de Espuma,16,1949.25,2016-02-09
EQ623041,Almofada de Meditação,16,3463.41,2019-04-05
EQ311212,Bola de Vôlei,20,3586.73,2020-09-07
EQ444388,Prancha de Stand-Up Paddle,14,2311.19,2022-03-21
EQ977614,Caixa Pliométrica,17,3452.78,2016-10-17
EQ642700,Elíptico,10,3308.32,2015-06-10
EQ211871,Bolha para Hidroginástica,1,2348.83,2018-12-20
EQ230175,Protetores de Tornozelo,12,662.79,2017-03-01
EQ460571,Bola de Pilates,19,4086.04,2023-09-09
EQ606028,Bola de Basquete,17,103.83,2015-04-19
EQ144173,Bola de Handebol,5,4294.27,2017-09-17
EQ100899,Corda de Pular,15,678.85,2015-05-18
EQ652065,Trave de Futebol,1,3837.58,2023-10-26
EQ733634,Raquete de Tênis,16,2542.55,2023-09-16
EQ486706,Trave de Futebol,20,1423.87,2017-12-02
EQ321547,Rolo de Alta Performance,8,3010.52,2017-10-24
EQ751122,Bolsa de Areia,10,1513.2,2015-01-17
EQ749200,Prancha de Surfe,15,2698.36,2020-11-01
EQ232024,Skateboard,6,4994.51,2019-06-01
EQ619578,Bola de Golfe,13,4647.98,2015-03-13
EQ100368,Bola de Futebol,1,307.03,2022-10-09
EQ100364,Rolo de Espuma,2,2973.85,2015-04-03
EQ518401,Prancha de Surfe,9,102.64,2022-12-11
EQ971427,Cinto de Flutuação,5,1874.62,2023-10-22
EQ847889,Halter de 5kg,11,1472.65,2019-06-13
EQ168445,Bola de Rugby,10,1991.99,2018-02-11
EQ305261,Bola de Basquete,16,137.83,2017-10-31
EQ725891,Bola de Basquete de Rua,13,62.5,2015-12-23
EQ313452,Anilha de 5kg,14,1459.83,2019-04-28
EQ877042,Bola de Handebol,13,98.11,2019-12-14
EQ140441,Bola de Futebol,8,3929.43,2016-05-08
EQ977880,Anilha de 10kg,10,1715.74,2022-07-29
EQ703986,Bola de Handebol,19,4983.15,2015-09-23
EQ267969,Banco de Musculação,20,1863.25,2022-07-07
EQ520622,Máscara de Mergulho,15,4445.09,2017-08-12
EQ555268,Prancha de Surfe,10,2404.72,2023-05-27
EQ521049,Colchonete de Exercício,11,3276.27,2016-10-20
EQ396298,Bola de Futebol,20,1846.76,2023-09-10
EQ170608,Raquete de Tênis,15,4256.18,2017-07-16
EQ815660,Prancha de Surfe,13,3043.51,2019-04-28
EQ225273,Peso para Tornozelo,15,1482.12,2020-02-20
EQ655184,Máquina de Abdominal,2,4207.15,2022-05-01
EQ241986,Bola de Skate,3,937.69,2016-12-25
EQ589660,Nadadeiras,10,3525.1,2022-02-25
EQ122352,Rolo de Alta Performance,5,1200.9,2020-03-10
EQ701782,Boia de Natação,11,2179.27,2019-03-02
EQ948162,Bola de Handebol,12,356.35,2020-02-08
EQ134992,Medicine Ball,3,3239.43,2020-09-27
EQ601572,Palmar de Natação,12,4973.44,2016-06-08
EQ970165,Kettlebell,6,993.66,2022-06-12
EQ494537,Palmar de Natação,3,1956.85,2022-12-06
EQ953077,Colchonete de Pilates,14,2025.98,2018-11-30
EQ318743,Halter de 5kg,1,1210.4,2020-05-10
EQ934157,Faixa de Resistência,19,3064.88,2016-09-17
EQ551186,Elíptico,17,3377.48,2017-07-11
EQ559799,Bola de Vôlei,12,186.36,2023-09-03
EQ995537,Cordas de Batalha,19,4209.75,2016-06-10
EQ342719,Bolha para Hidroginástica,17,1359.11,2017-06-28
EQ607200,Rede de Vôlei,15,1756.84,2019-07-16
EQ594418,Goalball,8,399.94,2015-03-20
EQ902698,Prancha de Surfe,13,624.16,2018-05-20
EQ777603,Bola de Futebol,3,3272.35,2020-04-21
EQ925781,Halter de 10kg,2,4764.44,2022-12-12
EQ626374,Raquete de Badminton,11,1053.19,2016-07-29
EQ490781,Cesta de Basquete,12,3189.16,2020-05-11
EQ362448,Taco de Beisebol,17,2409.3,2023-06-27
EQ827631,Cordas de Escada,11,3058.52,2020-02-08
EQ454043,Goalball,8,3871.2,2021-11-12
EQ765601,Bola de Rugby,1,1132.22,2018-02-11
EQ112861,Anilha de 10kg,9,4604.73,2015-05-14
EQ747510,Máquina de Abdominal,15,1686.43,2017-03-31
EQ493962,Trave de Futebol,18,2172.33,2015-11-16
EQ830786,Rede de Vôlei,20,165.59,2019-08-01
EQ985368,Barras Olímpicas,20,2922.47,2016-08-08
EQ805341,Raquete de Ping-Pong,14,3867.97,2021-11-26
EQ928014,Almofada de Descanso,16,2090.45,2015-10-19
EQ503125,Colchonete de Exercício,18,3479.47,2016-09-08
EQ282626,Taco de Beisebol,16,123.98,2017-11-25
EQ626461,Rolo de Alta Performance,18,3342.94,2016-12-08
EQ901448,Palmar de Natação,9,4740.28,2023-11-03
EQ343086,Caixa Pliométrica,8,497.39,2015-11-13
EQ113102,Rack para Agachamento,10,373.37,2018-03-02
EQ241148,Peso para Tornozelo,18,1997.76,2018-10-19
EQ175674,Ball Slam,7,2008.69,2020-09-04
EQ956886,Bola de Golfe,18,2618.23,2016-06-23
EQ487133,Taco de Beisebol,20,4868.75,2015-02-02
EQ484950,Colchonete de Exercício,5,4822.04,2023-10-20
EQ802689,Protetores de Tornozelo,11,1455.33,2020-04-10
EQ326446,Prancha de Surfe,5,1299.8,2018-04-25
EQ759071,Goalball,8,1051.86,2017-09-05
EQ999077,Prancha de Stand-Up Paddle,6,3221.33,2019-12-22
EQ950891,Tapete de Yoga,20,690.24,2018-07-08
EQ374203,Mini Quadra de Futsal,9,4076.66,2016-04-06
EQ402139,Cordas de Escada,9,2855.37,2016-03-09
EQ478733,Cordas de Escada,9,4918.23,2019-11-07
EQ341512,Bolha para Hidroginástica,19,4288.47,2023-05-05
EQ967987,Nadadeiras,7,909.38,2022-06-27
EQ743847,Mini Quadra de Futsal,20,3691.76,2023-05-04
EQ873281,Slamball,5,3196.6,2017-08-02
EQ471489,Boia de Natação,2,3372.02,2021-06-10
EQ985974,Peso para Tornozelo,7,4164.43,2021-03-01
EQ612093,Cone de Agilidade,10,1591.5,2023-06-25
EQ937358,Raquete de Badminton,1,2954.02,2018-02-10
EQ676777,Rolo de Alta Performance,8,2844.73,2018-09-07
EQ983037,Rolo de Alta Performance,5,1519.25,2019-06-20
EQ133863,Bola de Futebol,8,619.51,2022-07-28
EQ433920,Medicine Ball,17,4091.96,2017-02-07
EQ683074,Colchonete de Pilates,1,3883.86,2019-07-25
EQ171928,Máscara de Mergulho,2,1341.82,2018-09-09
EQ756746,Rolo de Alta Performance,5,488.33,2015-09-20
EQ256581,Raquete de Ping-Pong,6,1102.62,2018-11-27
EQ245141,Cordas de Escada,8,409.93,2017-03-27
EQ517005,Faixa de Resistência,14,4567.96,2019-11-20
EQ633932,Cesta de Basquete,17,4984.69,2019-07-03
EQ709338,Halter de 10kg,11,2010.53,2015-05-14
EQ533958,Palmar de Natação,12,2234.58,2018-06-27
EQ156049,Bola de Basquete de Rua,6,4301.44,2018-07-04
EQ481617,Nadadeiras,16,1845.31,2017-12-18
EQ996243,Anilha de 10kg,9,3980.07,2023-01-14
EQ434968,Bola de Pilates,2,3478.75,2015-12-11
EQ403687,Bolha para Hidroginástica,6,3358.56,2019-11-27
EQ668609,Rack para Agachamento,13,3978.21,2020-10-27
EQ807484,Barras Olímpicas,3,167.0,2019-03-16
EQ581561,Protetores de Tornozelo,17,3130.7,2020-05-21
EQ685124,Anilha de 10kg,4,1953.92,2018-04-29
EQ848120,Elíptico,9,268.89,2020-10-20
EQ313915,Prancha de Surfe,11,1227.43,2022-01-27
EQ673883,Arco e Flecha,8,3185.3,2018-01-04
EQ298423,Bola de Vôlei,15,934.59,2016-12-23
EQ203914,Máquina de Abdominal,12,1883.56,2018-07-23
EQ420162,Bola de Golfe,9,3751.88,2016-01-05
EQ433947,Bolsa de Areia,17,1032.3,2021-04-11
EQ124397,Slamball,20,1831.17,2017-03-31
EQ131547,Mini Quadra de Futsal,15,4916.35,2017-02-09
EQ961899,Bola de Tênis,19,4414.26,2015-07-09
EQ631901,Taco de Beisebol,4,3700.31,2019-10-07
EQ140162,Rack para Agachamento,17,958.99,2023-05-08
EQ959352,Bola de Basquete,16,2327.9,2015-09-09
EQ452647,Bola de Basquete de Rua,14,4832.78,2019-10-05
EQ259869,Mini Quadra de Futsal,18,1967.02,2020-01-31
EQ218272,Rolo de Alta Performance,1,1330.77,2018-08-14
EQ568732,Raquete de Ping-Pong,9,4288.1,2017-10-26
EQ717965,Banco de Musculação,19,888.3,2018-04-03
EQ556709,Máscara de Mergulho,8,1667.37,2019-12-15
EQ679791,Halter de 5kg,1,300.79,2020-12-16
EQ123404,Rack para Agachamento,8,4074.33,2018-05-31
EQ617006,Goalball,10,2299.4,2022-01-23
EQ259393,Cordas de Batalha,1,2587.06,2021-09-07
EQ978798,Banco de Musculação,3,4645.38,2019-01-30
EQ348896,Goalball,8,359.01,2019-05-30
EQ292549,Raquete de Ping-Pong,17,2026.94,2021-11-08
EQ920044,Prancha de Surfe,12,4048.58,2018-12-25
EQ916355,Prancha de Surfe,14,3721.28,2022-01-19
EQ107006,Rolo de Alta Performance,9,3891.0,2022-03-11
EQ414300,Rolo de Alta Performance,20,348.37,2016-01-16
EQ253974,Bola de Pilates,5,475.49,2017-09-01
EQ666974,Raquete de Badminton,6,3506.52,2023-02-13
EQ253924,Banco de Musculação,19,3435.67,2018-04-11
EQ129066,Ball Slam,12,350.79,2023-05-31
EQ198500,Bola de Vôlei,13,4487.24,2015-11-08
EQ193751,Skateboard,18,2071.49,2020-09-04
EQ918236,Máquina de Abdominal,14,4650.37,2017-03-04
EQ474020,Protetores de Tornozelo,8,3620.58,2019-05-30
EQ702122,Barras Olímpicas,3,492.97,2022-05-19
EQ626870,Bola de Handebol,15,4199.93,2022-01-25
EQ356777,Cesta de Basquete,7,3722.87,2017-06-28
EQ952346,Cinto de Flutuação,15,146.23,2015-06-23
EQ691651,Bola de Basquete de Rua,20,1446.39,2018-09-28
EQ163361,Rolo de Alta Performance,15,3558.08,2015-06-19
EQ796395,Bola de Basquete de Rua,17,2995.05,2016-10-11
EQ429081,Leg Press,4,4999.54,2015-04-08
EQ876769,Faixa de Resistência,20,706.03,2015-01-18
EQ725049,Cordas de Batalha,4,4346.44,2019-02-24
EQ149222,Anilha de 10kg,6,4576.57,2022-07-07
EQ556337,Peso para Tornozelo,18,1360.72,2016-10-15
EQ180770,Barras Olímpicas,4,4250.31,2023-06-29
EQ910203,Bolha para Hidroginástica,13,4195.02,2023-11-02
EQ439212,Palmar de Natação,7,3247.03,2016-06-01
EQ924246,Taco de Beisebol,18,330.09,2018-06-06
EQ607085,Corda de Pular,20,483.97,2019-03-22
EQ966007,Protetores de Tornozelo,7,490.16,2022-08-07
EQ500282,Boia de Natação,11,400.22,2022-01-22
EQ416356,Cone de Agilidade,13,878.63,2019-03-29
EQ309671,Nadadeiras,18,1456.43,2020-10-03
EQ708552,Cordas de Batalha,18,2694.94,2019-07-07
EQ756189,Protetores de Tornozelo,6,4264.2,2019-02-10
EQ313464,Prancha de Surfe,6,2913.79,2020-04-15
EQ640297,Rolo de Espuma,15,4586.84,2022-04-04
EQ448149,Máscara de Mergulho,12,152.52,2022-02-16
EQ497951,Rolo de Alta Performance,12,3165.19,2021-11-11
EQ856282,Protetores de Tornozelo,8,2983.62,2021-04-06
EQ493853,Halter de 10kg,10,2349.91,2021-11-14
EQ802265,Trave de Futebol,18,2857.29,2022-09-17
EQ187764,Máquina de Abdominal,16,4905.38,2020-08-06
EQ112428,Almofada de Meditação,14,2966.93,2015-09-12
EQ951829,Bolsa de Areia,3,1374.05,2016-04-17
EQ681842,Cordas de Escada,17,4050.71,2020-01-17
EQ268497,Mini Quadra de Futsal,13,2303.12,2021-01-09
EQ229709,Boia de Natação,1,4168.43,2023-11-16
EQ292271,Almofada de Descanso,4,4621.08,2020-08-06
EQ651667,Rede de Vôlei,2,4079.04,2018-01-07
EQ811806,Bicicleta Ergométrica,14,65.2,2021-05-14
EQ953985,Bolha para Hidroginástica,13,2828.47,2019-09-11
EQ988116,Bola de Golfe,12,2901.97,2019-06-06
EQ694416,Elíptico,5,4342.32,2016-07-06
EQ368689,Mini Quadra de Futsal,8,3030.52,2015-06-16
EQ323106,Cesta de Basquete,18,1534.3,2023-06-30
EQ801628,Peso de Mão para Yoga,19,3275.61,2018-01-26
EQ114126,Rolo de Espuma,6,3251.68,2022-02-23
EQ473048,Cone de Agilidade,11,3069.34,2016-08-28
EQ555239,Prancha de Surfe,14,1200.67,2016-02-09
EQ204945,Máscara de Mergulho,3,2726.17,2021-05-01
EQ189125,Bolha para Hidroginástica,15,882.72,2021-12-30
EQ757679,Cinto de Flutuação,1,3152.98,2020-07-16
EQ923039,Máscara de Mergulho,12,4386.06,2020-03-01
EQ618436,Rede de Vôlei,3,4344.96,2019-09-20
EQ522596,Leg Press,5,4423.68,2016-02-23
EQ248194,Bicicleta Ergométrica,11,1648.65,2017-11-04
EQ767049,Halter de 5kg,8,3466.57,2022-12-08
EQ608506,Medicine Ball,14,3244.93,2015-11-13
EQ341055,Raquete de Tênis,10,688.69,2023-05-04
EQ702575,Protetores de Tornozelo,4,3682.35,2018-02-28
EQ772954,Barra de Apoio,15,315.96,2015-12-07
EQ286725,Bola de Skate,1,1661.43,2023-07-26
EQ909641,Cesta de Basquete,3,458.45,2020-08-09
EQ147152,Anilha de 10kg,8,3147.83,2021-10-10
EQ397372,Corda de Pular,3,253.45,2015-07-31
EQ249350,Bola de Rugby,7,4811.0,2020-02-07
EQ931030,Elíptico,12,626.82,2023-07-03
EQ216823,Bola de Golfe,18,3516.96,2019-04-24
EQ160165,Protetores de Tornozelo,3,540.98,2021-07-07
EQ465434,Bola de Handebol,16,4065.28,2022-06-23
EQ528638,Bola de Pilates,17,3255.75,2019-12-27
EQ908543,Bicicleta Ergométrica,14,4215.49,2021-02-11
EQ764491,Cesta de Basquete,8,4696.06,2021-05-11
EQ798858,Trave de Futebol,11,1810.31,2021-04-03
EQ354106,Bola de Basquete,11,2455.07,2022-04-15
EQ466944,Bola de Pilates,16,240.93,2017-06-08
EQ963432,Nadadeiras,8,2349.35,2020-04-20
EQ326635,Protetores de Tornozelo,16,3334.59,2015-02-18
EQ529126,Leg Press,17,825.53,2019-05-23
EQ675946,Colchonete de Exercício,11,1707.75,2017-10-25
EQ196706,Slamball,13,4928.46,2018-11-26
EQ837214,Cesta de Basquete,18,4039.65,2021-06-23
EQ440896,Prancha de Stand-Up Paddle,15,4026.37,2018-11-07
EQ508707,Anilha de 5kg,13,3847.45,2019-07-24
EQ225156,Arco e Flecha,13,4042.49,2017-09-02
EQ852395,Rolo de Espuma,1,1331.42,2015-05-29
EQ863098,Taco de Beisebol,18,2540.48,2017-03-29
EQ967674,Anilha de 10kg,19,1682.56,2022-03-13
EQ711160,Tapete de Yoga,15,2930.29,2018-05-28
EQ616501,Máscara de Mergulho,19,2798.81,2021-01-12
EQ389394,Ball Slam,17,2965.95,2020-03-06
EQ140946,Palmar de Natação,7,3223.82,2015-06-02
EQ878238,Protetores de Tornozelo,2,4417.49,2021-08-30
EQ961999,Prancha de Surfe,18,1482.83,2022-01-31
EQ869515,Leg Press,14,4979.78,2021-04-03
EQ289934,Boia de Natação,6,3118.77,2015-01-25
EQ357306,Barras Olímpicas,5,1248.39,2015-02-24
EQ919317,Skateboard,3,179.18,2020-12-31
EQ607855,Bola de Tênis,16,350.91,2017-11-28
EQ230301,Raquete de Tênis,12,2978.46,2016-04-01
EQ283346,Cesta de Basquete,13,1015.02,2016-12-28
EQ586410,Tapete de Yoga,12,4711.09,2021-02-12
EQ137719,Bola de Basquete,2,4603.59,2020-09-18
EQ150922,Cesta de Basquete,7,384.6,2023-04-01
EQ937707,Bolsa de Areia,5,2279.57,2017-06-21
EQ357796,Bola de Pilates,13,4669.9,2017-07-08
EQ527999,Palmar de Natação,1,3827.48,2017-06-09
EQ354617,Rede de Vôlei,16,677.4,2017-08-04
EQ303276,Bola de Futebol,16,837.02,2015-08-20
EQ367391,Goalball,16,2698.46,2020-05-03
EQ505798,Leg Press,10,4882.41,2015-05-05
EQ636484,Arco e Flecha,20,185.64,2020-12-05
EQ347923,Prancha de Surfe,7,4109.43,2023-11-11
EQ959582,Bola de Vôlei,8,1537.63,2023-12-04
EQ737991,Slamball,8,106.47,2022-07-05
EQ744818,Bola de Tênis,16,3779.51,2021-08-10
EQ722435,Bola de Skate,3,351.04,2019-05-23
EQ242440,Halter de 5kg,1,382.32,2019-12-10
EQ456353,Bola de Pilates,18,2609.71,2019-09-22
EQ805089,Bolsa de Areia,16,2019.57,2022-08-19
EQ909058,Bolha para Hidroginástica,10,1546.32,2020-08-31
EQ436341,Bolha para Hidroginástica,15,2480.38,2021-11-05
EQ466418,Raquete de Ping-Pong,11,4294.68,2017-12-14
EQ867075,Rede de Vôlei,3,1459.43,2020-08-27
EQ503675,Tapete de Yoga,1,2686.75,2020-01-22
EQ100338,Rede de Vôlei,13,1599.11,2017-10-25
EQ631886,Rolo de Alta Performance,18,3192.95,2016-05-30
EQ472580,Rolo de Espuma,20,1732.7,2022-03-03
EQ862560,Slamball,2,2522.41,2020-03-18
EQ869056,Bola de Tênis,19,4144.94,2022-01-11
EQ115071,Bola de Skate,9,1587.97,2022-11-02
EQ635286,Caixa Pliométrica,18,1055.3,2016-05-23
EQ717992,Bola de Rugby,3,3583.93,2017-02-18
EQ979940,Rack para Agachamento,6,3594.86,2020-05-18
EQ620817,Almofada de Descanso,5,3370.24,2015-12-04
EQ368065,Protetores de Tornozelo,16,3697.77,2021-03-26
EQ126262,Skateboard,19,2134.94,2022-03-04
EQ737420,Cone de Agilidade,5,3157.97,2022-12-30
EQ785228,Colchonete de Pilates,6,1838.57,2021-05-14
EQ587323,Boia de Natação,15,4055.19,2021-09-24
EQ982940,Bola de Handebol,1,1592.94,2016-07-28
EQ716167,Taco de Beisebol,20,2339.77,2021-11-26
EQ867363,Rolo de Espuma,1,3541.72,2018-07-11
EQ287222,Arco e Flecha,16,4118.37,2021-05-25
EQ708441,Arco e Flecha,15,2690.78,2018-07-12
EQ738525,Bolha para Hidroginástica,8,974.62,2016-08-13
EQ168918,Slamball,5,136.35,2021-11-28
EQ348454,Bola de Rugby,6,642.5,2018-11-11
EQ784946,Almofada de Meditação,8,962.5,2020-10-21
EQ760692,Anilha de 10kg,16,644.92,2022-01-30
EQ573836,Taco de Beisebol,12,3340.54,2018-09-10
EQ324500,Raquete de Badminton,19,4570.08,2015-04-03
EQ805026,Barra de Apoio,18,4945.19,2015-10-11
EQ919265,Almofada de Descanso,14,463.87,2015-04-30
EQ385266,Tapete de Yoga,15,447.85,2017-02-07
EQ505749,Halter de 10kg,17,1339.46,2017-07-26
EQ931571,Prancha de Surfe,20,1347.22,2018-05-19
EQ237931,Rack para Agachamento,20,1582.31,2019-08-10
EQ845845,Rack para Agachamento,17,3655.27,2019-07-26
EQ787671,Rolo de Espuma,7,2343.79,2022-12-23
EQ739495,Elíptico,10,761.9,2016-12-29
EQ457979,Bolsa de Areia,16,819.38,2018-08-07
EQ328871,Almofada de Descanso,10,1410.35,2018-05-29
EQ152860,Cone de Agilidade,19,98.49,2022-06-26
EQ232427,Rack para Agachamento,15,1179.48,2019-01-24
EQ527183,Bola de Rugby,19,1386.22,2018-06-19
EQ579604,Ball Slam,2,693.96,2020-08-19
EQ282221,Almofada de Meditação,7,4155.02,2018-08-30
EQ649264,Banco de Musculação,17,4000.56,2021-06-02
EQ663253,Bola de Pilates,17,4722.35,2022-05-26
EQ225874,Almofada de Descanso,2,4028.55,2021-10-05
EQ298302,Bola de Pilates,1,4678.41,2021-01-17
EQ115124,Almofada de Descanso,18,2483.91,2018-07-01
EQ558345,Rolo de Alta Performance,19,4918.86,2020-03-07
EQ487105,Bola de Pilates,3,3189.18,2020-02-28
EQ835656,Cordas de Escada,17,1849.74,2019-05-17
EQ243320,Rack para Agachamento,15,1355.91,2021-02-24
EQ130414,Raquete de Tênis,18,1189.48,2017-10-22
EQ180607,Barra de Apoio,13,1466.85,2018-11-03
EQ542784,Barra de Apoio,10,3566.27,2019-06-14
EQ382444,Arco e Flecha,19,977.35,2016-09-07
EQ192030,Corda de Pular,1,3265.86,2015-08-02
EQ709888,Colchonete de Pilates,18,2655.51,2015-11-02
EQ454804,Rede de Vôlei,14,1996.17,2020-01-07
EQ339937,Goalball,9,440.04,2018-12-02
EQ289219,Almofada de Meditação,5,1788.87,2019-01-14
EQ245031,Rolo de Alta Performance,15,1519.92,2016-11-28
EQ139688,Anilha de 10kg,6,1878.0,2023-12-22
EQ720825,Cone de Agilidade,6,3628.63,2020-01-26
EQ418646,Kettlebell,5,1353.33,2022-10-26
EQ454150,Goalball,15,1048.98,2021-05-21
EQ634282,Halter de 5kg,5,1484.86,2017-04-18
EQ931738,Rolo de Alta Performance,8,602.76,2023-07-29
EQ165147,Arco e Flecha,4,137.65,2016-01-13
EQ146962,Máscara de Mergulho,18,2610.86,2021-09-07
EQ497225,Faixa de Resistência,16,1563.75,2019-10-08
EQ536431,Slamball,17,2317.41,2017-02-08
EQ967579,Máscara de Mergulho,18,2528.64,2020-09-06
EQ257668,Colchonete de Exercício,5,3756.54,2021-03-25
EQ583985,Bola de Golfe,1,900.92,2016-07-21
EQ966073,Halter de 5kg,1,3504.08,2020-12-15
EQ160010,Cordas de Escada,9,130.39,2020-07-20
EQ665916,Corda de Pular,2,1151.04,2018-06-10
EQ753473,Cesta de Basquete,12,4634.24,2015-09-19
EQ207406,Leg Press,14,2952.72,2021-03-31
EQ702272,Slamball,7,2957.11,2023-10-27
EQ773954,Kettlebell,19,2548.64,2016-05-07
EQ266422,Bolha para Hidroginástica,7,3304.9,2016-02-04
EQ422412,Anilha de 10kg,12,4205.51,2023-03-24
EQ615102,Cordas de Escada,19,869.5,2023-03-14
EQ465965,Bola de Golfe,18,4976.66,2018-03-02
EQ139750,Ball Slam,18,1945.68,2017-07-12
EQ332190,Cinto de Flutuação,11,4356.21,2022-10-28
EQ693355,Almofada de Descanso,3,413.19,2015-12-03
EQ198875,Rack para Agachamento,11,4395.42,2023-05-14
EQ401816,Bola de Golfe,14,1500.89,2023-05-24
EQ841820,Elíptico,5,2383.3,2018-02-22
EQ929617,Ball Slam,8,4355.68,2023-12-02
EQ177882,Ball Slam,20,2725.77,2022-10-23
EQ949122,Peso para Tornozelo,6,1047.22,2018-12-30
EQ707758,Medicine Ball,9,2547.77,2019-12-08
EQ458693,Prancha de Surfe,18,2910.05,2023-11-22
EQ754196,Peso de Mão para Yoga,9,4319.96,2023-11-14
EQ943878,Bola de Basquete,11,4537.87,2015-10-07
EQ759931,Raquete de Ping-Pong,7,2405.56,2022-03-29
EQ548858,Rack para Agachamento,9,4617.83,2019-09-23
EQ803249,Bolha para Hidroginástica,8,3818.6,2019-10-08
EQ319347,Cinto de Flutuação,3,627.2,2022-08-09
EQ217316,Colchonete de Pilates,17,1203.95,2016-01-07
EQ999431,Bicicleta Ergométrica,5,1717.31,2018-07-22
EQ703449,Prancha de Surfe,15,4968.72,2016-02-09
EQ386111,Bicicleta Ergométrica,16,2188.96,2020-08-14
EQ775825,Caixa Pliométrica,12,4162.26,2017-04-04
EQ348062,Cone de Agilidade,8,3384.27,2021-03-15
EQ111387,Máscara de Mergulho,4,3270.16,2017-06-28
EQ950023,Cordas de Batalha,13,2824.87,2020-09-20
EQ737697,Máquina de Abdominal,10,2166.29,2018-06-22
EQ729375,Trave de Futebol,16,3675.09,2020-10-12
EQ377467,Palmar de Natação,6,1374.75,2015-03-30
EQ553094,Ball Slam,8,4732.49,2019-05-30
EQ808385,Máscara de Mergulho,14,3403.78,2018-08-15
EQ686105,Bolha para Hidroginástica,9,3766.15,2020-09-06
EQ321059,Goalball,11,2638.11,2018-08-11
EQ894887,Kettlebell,10,1826.72,2021-06-26
EQ399581,Slamball,8,2655.38,2021-07-07
EQ279262,Raquete de Badminton,13,3865.59,2015-08-03
EQ416791,Prancha de Stand-Up Paddle,19,781.83,2020-07-15
EQ734602,Bola de Basquete de Rua,8,1045.6,2019-04-18
EQ730382,Anilha de 10kg,1,3889.09,2017-09-15
EQ669904,Bola de Vôlei,1,3245.15,2023-12-14
EQ870137,Bola de Basquete de Rua,20,2150.46,2015-03-03
EQ978378,Rolo de Alta Performance,1,3409.94,2022-07-05
EQ398639,Bola de Tênis,17,2682.78,2016-06-19
EQ184934,Raquete de Tênis,2,548.92,2016-10-22
EQ800583,Elíptico,8,113.98,2023-06-12
EQ919451,Banco de Musculação,19,1889.38,2018-10-26
EQ188198,Raquete de Badminton,14,1864.35,2016-01-06
EQ589169,Halter de 5kg,17,1908.67,2022-03-17
EQ792056,Palmar de Natação,2,3424.69,2020-01-18
EQ748245,Skateboard,6,2130.31,2017-04-21
EQ658248,Caixa Pliométrica,6,2249.89,2016-09-05
EQ123224,Peso para Tornozelo,6,3892.13,2023-09-01
EQ517131,Ball Slam,14,749.73,2017-06-07
EQ506413,Bolsa de Areia,5,2361.66,2022-01-05
EQ242186,Bolsa de Areia,4,2644.87,2022-08-23
EQ831827,Almofada de Descanso,19,3088.97,2023-05-09
EQ974193,Bola de Basquete de Rua,6,2876.03,2015-07-19
EQ112911,Colchonete de Pilates,4,1071.14,2016-07-13
EQ952763,Almofada de Meditação,2,1509.21,2022-04-18
EQ134732,Bicicleta Ergométrica,10,1538.24,2023-06-20
EQ875292,Caixa Pliométrica,1,904.12,2016-03-25
EQ597342,Halter de 5kg,7,4844.08,2017-01-22
EQ950049,Slamball,7,3829.95,2016-11-29
EQ641374,Taco de Beisebol,2,914.44,2023-10-24
EQ111844,Anilha de 5kg,11,3271.33,2015-11-14
EQ419017,Bola de Pilates,5,1536.58,2017-07-16
EQ289701,Arco e Flecha,9,2184.3,2023-09-12
EQ851992,Bola de Rugby,12,3495.85,2023-09-14
EQ577319,Barra de Apoio,20,2017.06,2017-08-13
EQ874023,Rolo de Alta Performance,11,2407.18,2021-01-25
EQ324211,Anilha de 5kg,4,1724.26,2021-04-25
EQ406941,Bola de Basquete de Rua,8,101.9,2019-05-30
EQ697533,Bola de Rugby,10,1720.97,2022-09-02
EQ835888,Barras Olímpicas,20,3728.47,2023-10-09
EQ471058,Bola de Pilates,14,4491.34,2020-07-15
EQ725962,Bola de Basquete,3,4220.14,2021-11-20
EQ392810,Bola de Basquete de Rua,8,1497.07,2018-12-08
EQ596563,Peso para Tornozelo,10,281.81,2019-10-29
EQ504603,Colchonete de Exercício,16,2724.75,2016-12-27
EQ170963,Cordas de Batalha,19,1659.91,2019-11-18
EQ764774,Bola de Golfe,9,2248.82,2017-04-27
EQ133896,Ball Slam,4,161.23,2016-09-26
EQ181359,Peso para Tornozelo,20,1699.12,2015-05-30
EQ806502,Prancha de Surfe,20,1757.14,2020-04-07
EQ863256,Almofada de Meditação,20,842.24,2019-04-12
EQ791338,Barra de Apoio,13,2558.06,2015-09-21
EQ613685,Slamball,11,3095.37,2021-07-10
EQ455580,Almofada de Descanso,17,3798.75,2019-11-08
EQ220572,Halter de 5kg,13,4796.57,2015-03-16
EQ581939,Rolo de Espuma,12,445.7,2023-03-06
EQ713538,Máscara de Mergulho,19,63.57,2019-06-15
EQ223851,Bolha para Hidroginástica,13,4866.44,2021-10-20
EQ128671,Arco e Flecha,20,451.54,2023-05-15
EQ277410,Bola de Skate,2,2663.6,2021-10-25
EQ899469,Bolha para Hidroginástica,20,3553.71,2021-01-21
EQ255591,Bola de Vôlei,18,4216.78,2015-11-04
EQ778024,Bola de Golfe,16,2376.33,2021-02-16
EQ551381,Ball Slam,13,2344.75,2019-01-12
EQ724545,Bola de Futebol,5,3035.76,2015-04-05
EQ820385,Skateboard,20,4599.88,2020-09-05
EQ874665,Elíptico,7,2440.27,2016-12-10
EQ519234,Almofada de Descanso,13,4338.47,2019-05-25
EQ610817,Almofada de Descanso,11,3127.65,2019-05-13
EQ755248,Faixa de Resistência,18,2288.39,2018-03-14
EQ634391,Rolo de Alta Performance,15,282.49,2017-09-19
EQ357706,Ball Slam,9,208.2,2022-01-18
EQ212761,Cordas de Escada,12,1432.11,2021-05-06
EQ312350,Taco de Beisebol,18,4154.32,2018-09-06
EQ816908,Tapete de Yoga,10,4997.76,2019-02-01
EQ750064,Kettlebell,20,236.3,2020-01-23
EQ128511,Boia de Natação,4,4399.45,2021-08-27
EQ880006,Barras Olímpicas,10,110.17,2016-10-29
EQ150814,Rack para Agachamento,20,3585.38,2015-10-10
EQ695279,Medicine Ball,1,2429.7,2022-08-07
EQ345577,Cordas de Batalha,20,1645.43,2023-07-06
EQ933193,Almofada de Meditação,14,2029.38,2019-10-29
EQ385315,Barras Olímpicas,14,4313.35,2019-08-01
EQ233543,Corda de Pular,17,1452.41,2019-12-29
EQ415687,Rack para Agachamento,11,1206.49,2022-07-14
EQ202226,Barra de Apoio,19,1511.96,2016-11-02
EQ145121,Colchonete de Exercício,20,1780.98,2022-08-01
EQ804709,Halter de 5kg,8,4867.75,2019-08-29
EQ850924,Cordas de Escada,10,581.61,2016-07-18
EQ237100,Barras Olímpicas,18,722.77,2019-03-17
EQ146380,Prancha de Surfe,1,2027.79,2022-06-30
EQ877159,Bola de Handebol,5,2340.13,2021-03-10
EQ162246,Bola de Basquete de Rua,11,121.47,2020-04-22
EQ648603,Arco e Flecha,5,589.53,2022-05-19
EQ181684,Protetores de Tornozelo,20,99.71,2018-04-27
EQ437649,Bola de Futebol,14,3729.38,2021-10-31
EQ643239,Cesta de Basquete,8,3233.74,2015-08-15
EQ879560,Arco e Flecha,16,758.99,2015-01-07
EQ366385,Rede de Vôlei,9,3037.32,2023-09-16
EQ150229,Anilha de 5kg,5,4705.36,2017-05-30
EQ580840,Anilha de 5kg,3,4401.67,2017-08-30
EQ275914,Bola de Basquete de Rua,15,2604.22,2022-08-20
EQ784476,Colchonete de Pilates,5,3935.63,2020-09-26
EQ640664,Almofada de Meditação,11,2985.37,2015-05-12
EQ243548,Cesta de Basquete,6,2463.43,2015-04-26
EQ770615,Slamball,4,769.75,2016-06-04
EQ449147,Prancha de Surfe,3,1976.25,2018-02-21
EQ650935,Raquete de Badminton,17,2371.05,2015-04-11
EQ710149,Medicine Ball,10,1075.02,2021-04-18
EQ877019,Bola de Tênis,20,2943.67,2022-06-22
EQ222836,Bolha para Hidroginástica,16,4650.72,2021-10-24
EQ941026,Barras Olímpicas,9,2324.82,2017-05-15
EQ626340,Bicicleta Ergométrica,4,3230.47,2023-09-28
EQ267176,Kettlebell,20,3831.68,2021-08-24
EQ136333,Trave de Futebol,20,3035.28,2018-10-23
EQ618161,Prancha de Surfe,20,2216.83,2021-10-15
EQ816653,Boia de Natação,19,513.12,2016-08-19
EQ724204,Bola de Rugby,15,3706.91,2016-07-09
EQ232307,Halter de 5kg,3,3857.98,2021-03-02
EQ120059,Medicine Ball,12,1294.1,2020-10-18
EQ877493,Bolha para Hidroginástica,5,4064.36,2015-12-21
EQ195227,Palmar de Natação,14,1615.48,2017-09-14
EQ745363,Halter de 5kg,13,4423.56,2023-12-21
EQ348334,Bola de Rugby,11,1267.0,2019-04-03
EQ203063,Rede de Vôlei,7,4715.32,2023-03-27
EQ875137,Slamball,17,3982.11,2022-05-26
EQ146886,Raquete de Tênis,5,2071.93,2017-05-05
EQ264997,Bicicleta Ergométrica,4,2673.5,2020-09-16
EQ288235,Colchonete de Exercício,19,4108.39,2020-12-13
EQ492668,Cone de Agilidade,8,97.83,2021-11-05
EQ853645,Almofada de Meditação,20,2641.09,2022-04-27
EQ276872,Cordas de Escada,15,480.77,2022-06-21
EQ687282,Raquete de Ping-Pong,5,3851.93,2018-01-18
EQ726896,Elíptico,13,2973.86,2021-07-14
EQ179249,Bola de Handebol,11,113.24,2016-02-22
EQ314687,Bola de Handebol,5,1496.47,2016-07-17
EQ657608,Protetores de Tornozelo,8,2192.39,2023-03-01
EQ540070,Bola de Basquete,19,1395.33,2020-10-04
EQ174558,Barra de Apoio,1,1741.18,2015-12-21
EQ896006,Bola de Basquete,15,389.21,2017-11-11
EQ510985,Banco de Musculação,3,3456.33,2015-09-03
EQ709439,Arco e Flecha,5,1431.58,2021-10-12
EQ871746,Peso de Mão para Yoga,8,4035.56,2016-02-04
EQ725085,Tapete de Yoga,10,2764.02,2021-01-08
EQ937391,Raquete de Tênis,8,3300.4,2023-07-26
EQ303216,Medicine Ball,3,4702.06,2018-10-06
EQ344327,Cordas de Escada,11,1412.8,2015-04-01
EQ103376,Cordas de Escada,5,1290.57,2015-10-05
EQ727153,Máscara de Mergulho,6,3209.15,2020-09-17
EQ458309,Colchonete de Exercício,20,2758.88,2023-01-02
EQ674095,Anilha de 10kg,19,3268.66,2023-12-13
EQ723908,Skateboard,19,1357.98,2015-12-07
EQ111969,Raquete de Tênis,19,4347.29,2022-09-20
EQ120750,Arco e Flecha,11,4543.37,2020-10-23
EQ414499,Cordas de Escada,19,4536.79,2020-05-06
EQ141159,Trave de Futebol,10,3066.83,2016-02-28
EQ558461,Anilha de 5kg,8,1150.18,2019-09-12
EQ959312,Palmar de Natação,7,1871.95,2016-06-07
EQ490763,Elíptico,4,3920.2,2016-09-23
EQ960123,Bola de Rugby,20,4822.55,2021-08-22
EQ333531,Bola de Basquete,3,565.8,2021-06-21
EQ677479,Cinto de Flutuação,6,3662.37,2022-01-05
EQ216212,Trave de Futebol,5,2885.5,2019-10-12
EQ397569,Prancha de Surfe,20,3048.73,2017-11-01
EQ311228,Raquete de Tênis,6,765.13,2023-07-31
EQ262704,Colchonete de Pilates,17,4498.81,2018-08-25
EQ180579,Skateboard,15,4376.25,2015-01-31
EQ955840,Barra de Apoio,1,447.96,2023-08-02
EQ482595,Faixa de Resistência,2,3577.28,2022-07-09
EQ811932,Bola de Pilates,1,3951.72,2016-12-10
EQ861552,Almofada de Descanso,6,1461.44,2019-01-11
EQ390669,Bicicleta Ergométrica,2,216.5,2019-08-08
EQ262183,Bolsa de Areia,8,2966.89,2022-08-14
EQ495330,Rede de Vôlei,15,2407.34,2016-06-07
EQ694146,Bola de Basquete de Rua,1,1287.17,2018-11-13
EQ312618,Almofada de Descanso,10,2949.95,2022-03-27
EQ212554,Bolha para Hidroginástica,1,277.25,2023-12-29
EQ171502,Ball Slam,3,4031.38,2016-04-03
EQ193465,Rolo de Alta Performance,3,194.71,2018-09-16
EQ272490,Goalball,3,2987.34,2020-02-15
EQ630631,Bola de Skate,1,2941.35,2020-11-09
EQ605664,Tapete de Yoga,20,4356.92,2022-09-30
EQ172030,Slamball,14,4664.67,2021-04-24
EQ529063,Rack para Agachamento,11,4502.65,2018-12-23
EQ653815,Raquete de Ping-Pong,9,1285.27,2020-10-12
EQ601789,Máquina de Abdominal,11,3460.09,2020-04-21
EQ871799,Prancha de Surfe,5,1234.4,2015-08-01
EQ417855,Bolha para Hidroginástica,15,3489.69,2017-11-21
EQ843975,Rack para Agachamento,15,3116.85,2019-07-13
EQ916818,Trave de Futebol,3,679.96,2021-12-07
EQ146740,Trave de Futebol,17,2189.57,2022-12-26
EQ286485,Bola de Skate,12,3323.91,2018-11-24
EQ754695,Halter de 10kg,6,3140.18,2020-01-27
EQ900836,Rolo de Espuma,13,2731.07,2015-01-26
EQ569482,Medicine Ball,17,2560.2,2015-08-28
EQ238698,Tapete de Yoga,2,1466.54,2015-01-10
EQ349513,Bola de Basquete,5,3852.3,2019-11-08
EQ840961,Bicicleta Ergométrica,9,1820.68,2019-12-18
EQ562398,Raquete de Ping-Pong,11,893.02,2021-11-24
EQ914643,Rolo de Alta Performance,1,4408.23,2022-11-25
EQ364210,Peso para Tornozelo,20,2103.32,2020-10-29
EQ694808,Skateboard,14,4583.09,2016-01-13
EQ806589,Rolo de Alta Performance,6,3533.78,2015-06-19
EQ130645,Bola de Rugby,12,2806.15,2017-06-14
EQ962483,Rolo de Alta Performance,18,1565.27,2022-08-14
EQ726380,Anilha de 10kg,14,294.84,2022-11-10
EQ912664,Skateboard,12,3019.57,2021-12-12
EQ842335,Bola de Basquete de Rua,5,1418.32,2016-11-17
EQ176155,Bola de Pilates,15,87.55,2023-06-18
EQ346271,Máscara de Mergulho,15,2986.54,2018-02-08
EQ869923,Bola de Skate,16,1438.28,2023-01-06
EQ997107,Máscara de Mergulho,11,2821.86,2015-11-09
EQ769897,Arco e Flecha,5,4104.02,2023-06-09
EQ451487,Máscara de Mergulho,5,1512.54,2021-04-01
EQ270378,Faixa de Resistência,3,1991.97,2020-08-14
EQ532359,Corda de Pular,5,3446.51,2019-08-18
EQ710243,Anilha de 5kg,5,792.18,2019-08-15
EQ737291,Boia de Natação,4,2986.91,2018-04-19
EQ630858,Banco de Musculação,6,2010.83,2022-08-24
EQ924870,Bicicleta Ergométrica,17,1925.24,2017-11-08
EQ744471,Máquina de Abdominal,14,2603.72,2016-01-21
EQ652287,Bola de Handebol,10,1584.69,2022-03-12
EQ780245,Raquete de Badminton,13,635.06,2016-11-09
EQ591306,Bicicleta Ergométrica,3,2876.13,2022-04-04
EQ623174,Bola de Vôlei,3,693.08,2018-07-01
EQ916298,Ball Slam,20,4914.69,2017-03-02
EQ528191,Rede de Vôlei,18,3473.15,2015-07-04
EQ923076,Bola de Pilates,13,3825.6,2017-12-25
EQ382468,Barras Olímpicas,14,1017.27,2015-12-05
EQ330699,Bola de Basquete,11,1045.01,2022-05-24
EQ407914,Rolo de Espuma,9,1006.35,2016-06-23
EQ468786,Bolha para Hidroginástica,4,3395.7,2022-02-14
EQ337181,Bola de Handebol,15,683.65,2017-05-27
EQ306017,Bicicleta Ergométrica,6,4232.43,2019-11-13
EQ928348,Cordas de Batalha,20,3411.81,2017-09-12
EQ674907,Almofada de Meditação,17,2991.68,2023-10-17
EQ831352,Cesta de Basquete,15,4795.78,2016-01-31
EQ853625,Bicicleta Ergométrica,6,4838.34,2015-11-21
EQ708509,Leg Press,1,3125.31,2015-03-10
EQ239043,Prancha de Surfe,19,3618.93,2023-03-22
EQ818249,Bola de Skate,20,259.1,2018-08-08
EQ586411,Slamball,2,455.94,2018-08-31
EQ598138,Anilha de 10kg,13,3726.89,2023-08-21
EQ980314,Bola de Vôlei,13,4851.14,2021-08-03
EQ426038,Rede de Vôlei,15,3951.5,2016-04-26
EQ342296,Nadadeiras,15,1728.11,2023-03-18
EQ522395,Anilha de 10kg,7,3910.73,2023-07-20
EQ295822,Banco de Musculação,6,4537.1,2022-01-30
EQ644585,Cinto de Flutuação,12,4850.95,2018-03-18
EQ651041,Cinto de Flutuação,19,3733.3,2019-09-04
EQ795240,Raquete de Badminton,11,1722.5,2021-04-06
EQ917546,Skateboard,7,2532.42,2017-05-16
EQ545799,Anilha de 5kg,1,2243.48,2018-05-11
EQ869045,Rolo de Alta Performance,6,414.43,2021-05-17
EQ855711,Elíptico,8,478.7,2021-04-20
EQ992671,Prancha de Surfe,6,867.31,2015-09-11
EQ934364,Kettlebell,14,3206.5,2022-07-19
EQ369949,Cordas de Batalha,13,1514.84,2015-08-02
EQ317123,Peso para Tornozelo,20,205.55,2018-02-01
EQ661998,Halter de 10kg,14,4192.25,2019-12-19
EQ643218,Bola de Tênis,12,4125.92,2023-01-14
EQ115741,Halter de 5kg,1,688.35,2020-12-08
EQ872765,Cinto de Flutuação,11,400.5,2023-11-05
EQ692589,Máscara de Mergulho,15,2997.01,2016-07-31
EQ279362,Máscara de Mergulho,14,2500.24,2021-08-30
EQ976707,Rack para Agachamento,17,2734.04,2018-03-18
EQ702858,Nadadeiras,14,2771.81,2017-09-27
EQ665900,Almofada de Meditação,20,1081.26,2023-01-01
EQ769876,Raquete de Badminton,5,2326.78,2018-05-29
EQ600223,Bola de Basquete,4,2571.28,2023-09-21
EQ450419,Boia de Natação,1,4076.45,2021-10-17
EQ309357,Bola de Tênis,4,4367.0,2021-03-28
EQ674912,Ball Slam,14,1415.89,2020-01-17
EQ458626,Cordas de Batalha,1,1219.27,2023-11-25
EQ471374,Colchonete de Exercício,20,1910.86,2016-07-19
EQ937390,Prancha de Surfe,7,3185.8,2019-03-09
EQ612624,Bola de Golfe,1,4484.29,2015-09-06
EQ801170,Rack para Agachamento,16,284.04,2015-09-16
EQ109151,Cinto de Flutuação,20,4863.6,2021-12-04
EQ440640,Prancha de Surfe,20,2950.82,2022-05-26
EQ666679,Caixa Pliométrica,3,1098.9,2023-03-16
EQ864083,Almofada de Descanso,2,1120.76,2023-08-06
EQ106779,Barra de Apoio,19,3253.09,2017-02-18
EQ748326,Bolsa de Areia,7,3849.93,2021-10-11
EQ401275,Almofada de Meditação,1,2903.38,2015-08-01
EQ375853,Cinto de Flutuação,11,2054.33,2018-12-16
EQ555124,Prancha de Stand-Up Paddle,20,365.3,2021-03-17
EQ110869,Cinto de Flutuação,19,382.26,2022-07-21
EQ850898,Banco de Musculação,18,4819.69,2016-03-23
EQ978098,Anilha de 5kg,19,285.32,2019-10-07
EQ192741,Caixa Pliométrica,16,4648.5,2019-03-02
EQ421669,Rolo de Espuma,3,4559.47,2020-02-15
EQ744884,Halter de 5kg,16,934.55,2022-09-26
EQ904489,Ball Slam,16,2244.84,2020-07-26
EQ680130,Bola de Handebol,11,2660.33,2020-01-26
EQ376505,Elíptico,10,2717.25,2020-05-03
EQ546617,Bola de Golfe,8,1056.31,2018-04-05
EQ597802,Leg Press,10,3610.07,2022-09-16
EQ268964,Barras Olímpicas,16,3058.03,2017-06-30
EQ394904,Skateboard,6,4991.47,2020-12-02
EQ325416,Corda de Pular,14,1501.69,2018-02-16
EQ883542,Taco de Beisebol,19,2176.44,2015-05-07
EQ682461,Prancha de Surfe,3,1688.9,2018-10-26
EQ267979,Rack para Agachamento,7,2702.5,2015-08-04
EQ324912,Raquete de Ping-Pong,17,339.44,2018-12-11
EQ800544,Cordas de Batalha,17,127.96,2023-04-11
EQ503226,Halter de 5kg,11,3705.84,2017-01-18
EQ965049,Tapete de Yoga,6,4012.03,2020-10-12
EQ944176,Kettlebell,17,2200.28,2023-05-01
EQ819095,Palmar de Natação,3,748.37,2018-09-26
EQ485377,Skateboard,9,3255.0,2017-09-04
EQ153709,Bola de Skate,11,596.48,2021-12-29
EQ399694,Colchonete de Exercício,3,3997.44,2020-05-03
EQ967711,Bola de Skate,14,4858.21,2018-01-26
EQ235060,Raquete de Ping-Pong,3,3961.18,2017-07-23
EQ612365,Máquina de Abdominal,4,1004.08,2021-05-29
EQ897650,Bicicleta Ergométrica,17,2811.34,2015-06-16
EQ859207,Prancha de Surfe,12,4807.25,2023-01-18
EQ596860,Bola de Pilates,8,4990.13,2018-03-11
EQ826327,Bolsa de Areia,12,1371.32,2020-10-14
EQ718949,Mini Quadra de Futsal,3,3777.55,2015-06-03
EQ371235,Bola de Golfe,8,1888.11,2017-02-16
EQ161015,Cone de Agilidade,15,2694.57,2023-03-02
EQ108751,Raquete de Ping-Pong,17,4533.47,2015-03-18
EQ643739,Palmar de Natação,19,3085.98,2018-05-07
EQ939736,Kettlebell,12,1590.45,2021-07-25
EQ231143,Rede de Vôlei,4,4022.24,2020-01-24
EQ213434,Bola de Skate,8,1255.19,2016-09-09
EQ944368,Anilha de 5kg,15,723.18,2020-08-10
EQ422274,Almofada de Meditação,3,3574.53,2019-02-14
EQ902670,Peso de Mão para Yoga,14,2906.65,2016-11-09
EQ624543,Kettlebell,8,1019.85,2018-01-23
EQ577405,Prancha de Surfe,10,4465.4,2018-08-31
EQ322917,Cordas de Escada,3,3389.97,2020-06-26
EQ121206,Bola de Pilates,20,2637.22,2016-04-27
EQ277803,Halter de 5kg,20,1554.64,2016-11-02
EQ574829,Tapete de Yoga,4,4429.63,2015-10-26
EQ261429,Bola de Tênis,5,2337.62,2017-12-08
EQ159577,Bola de Skate,20,4293.64,2019-03-21
EQ357905,Protetores de Tornozelo,11,1555.62,2022-09-25
EQ694571,Prancha de Stand-Up Paddle,14,921.4,2015-10-04
EQ351759,Leg Press,16,157.78,2019-08-15
EQ819732,Slamball,19,456.04,2021-09-18
EQ138848,Nadadeiras,11,3891.23,2022-07-07
EQ433438,Taco de Beisebol,11,3016.51,2022-03-26
EQ988097,Máquina de Abdominal,12,1711.22,2016-03-05
EQ275573,Rede de Vôlei,14,709.99,2018-02-06
EQ808191,Slamball,1,3208.28,2016-11-16
EQ321265,Prancha de Stand-Up Paddle,7,4713.02,2019-10-17
EQ674431,Halter de 5kg,4,3027.92,2023-02-18
EQ743404,Anilha de 5kg,6,3173.36,2017-12-30
EQ808675,Skateboard,2,3470.53,2021-06-13
EQ126886,Caixa Pliométrica,3,3545.32,2019-11-24
EQ866031,Bola de Golfe,14,1194.51,2018-10-09
EQ764494,Bola de Basquete de Rua,3,3401.33,2017-07-16
EQ741714,Arco e Flecha,17,2085.3,2022-05-25
EQ232792,Nadadeiras,12,3637.77,2022-01-02
EQ427806,Cordas de Batalha,4,1508.35,2021-10-01
EQ955022,Bicicleta Ergométrica,2,824.72,2019-03-13
EQ330227,Máquina de Abdominal,1,2734.13,2021-12-19
EQ444293,Prancha de Stand-Up Paddle,15,1036.35,2019-08-14
EQ722993,Prancha de Surfe,6,4281.26,2022-08-21
EQ256356,Bola de Pilates,14,3192.32,2015-04-19
EQ364054,Elíptico,11,3682.22,2021-09-08
EQ228712,Bola de Tênis,19,2036.18,2023-04-27
EQ458775,Trave de Futebol,19,3171.59,2018-02-26
EQ751629,Barra de Apoio,11,980.88,2021-10-30
EQ177359,Bola de Rugby,18,3245.07,2017-03-30
EQ613812,Bola de Tênis,17,3893.9,2023-10-24
EQ568312,Goalball,12,305.32,2017-02-02
EQ845498,Bicicleta Ergométrica,1,1635.4,2019-08-22
EQ740705,Corda de Pular,16,4719.69,2023-05-24
EQ535540,Anilha de 10kg,9,1463.16,2016-06-05
EQ366665,Medicine Ball,9,911.59,2016-12-06
EQ800469,Taco de Beisebol,20,2561.25,2020-06-29
EQ663256,Prancha de Stand-Up Paddle,19,4785.4,2018-04-19
EQ241916,Skateboard,15,1456.18,2021-07-10
EQ604684,Kettlebell,5,3888.72,2020-12-03
EQ764383,Barras Olímpicas,12,3619.19,2022-08-24
EQ892209,Taco de Beisebol,3,3842.99,2017-09-27
EQ282561,Leg Press,1,1016.23,2016-04-28
EQ865252,Kettlebell,14,368.66,2021-07-14
EQ104893,Rolo de Alta Performance,20,1660.35,2016-10-30
EQ100724,Bola de Pilates,11,1324.59,2023-05-27
EQ172997,Goalball,10,1438.0,2018-05-10
EQ284623,Elíptico,18,4785.86,2018-05-17
EQ772304,Palmar de Natação,7,4129.24,2016-10-23
EQ552948,Slamball,9,1742.8,2015-03-02
EQ196009,Bola de Skate,10,2794.09,2022-02-26
EQ354557,Tapete de Yoga,7,2734.62,2022-03-11
EQ711542,Goalball,4,4700.12,2018-09-04
EQ336925,Bola de Basquete,11,1786.27,2017-03-14
EQ702176,Raquete de Badminton,4,3267.72,2016-01-28
EQ192015,Protetores de Tornozelo,18,1445.03,2020-07-08
EQ538698,Rolo de Alta Performance,18,4375.49,2023-06-01
EQ579442,Cordas de Escada,20,1631.62,2021-11-16
EQ516168,Prancha de Stand-Up Paddle,9,1260.08,2023-02-07
EQ534543,Bolsa de Areia,15,499.29,2019-01-17
EQ877272,Mini Quadra de Futsal,19,1499.35,2022-10-27
EQ954190,Rolo de Alta Performance,15,979.15,2018-11-11
EQ344147,Halter de 10kg,8,3492.85,2022-10-10
EQ193189,Colchonete de Exercício,10,858.25,2021-02-10
EQ655920,Bola de Rugby,18,2037.68,2016-10-24
EQ617538,Bola de Vôlei,18,2516.74,2020-06-02
EQ604456,Cesta de Basquete,11,1948.05,2016-11-22
EQ703803,Rolo de Alta Performance,14,3086.7,2023-08-26
EQ784633,Bola de Basquete de Rua,17,3977.28,2017-09-02
EQ334311,Trave de Futebol,7,2277.78,2022-04-28
EQ251366,Almofada de Descanso,7,1162.76,2023-08-23
EQ371296,Corda de Pular,13,2317.15,2020-04-17
EQ358349,Rolo de Espuma,12,274.19,2020-02-13
EQ640093,Bola de Pilates,3,739.84,2021-10-03
EQ913904,Almofada de Meditação,4,1418.53,2020-05-10
EQ908538,Bolsa de Areia,18,497.0,2020-04-06
EQ106319,Protetores de Tornozelo,11,2899.85,2022-06-19
EQ686086,Kettlebell,9,3432.35,2015-03-10
EQ670033,Cinto de Flutuação,2,3452.1,2020-04-01
EQ540088,Cordas de Escada,20,566.81,2022-12-12
EQ364603,Mini Quadra de Futsal,19,3739.4,2023-06-13
EQ295402,Bola de Vôlei,18,1456.07,2023-03-13
EQ936986,Medicine Ball,2,4893.96,2017-06-07
